family,policy_type,safety_stock,reorder_point,order_quantity,order_up_to_level,fill_rate,cycle_service_level,total_cost,avg_inventory,num_orders,units_short,gamma_benchmark_safety_stock
GROCERY I,"(s,Q)",487622.5629268677,1750781.1484623086,314433.57823555294,,0.9915792452681083,0.9312666666666668,543439.8849256015,609857.946772501,3.0,36107.04528732744,486101.04308877815
BEVERAGES,"(s,Q)",588068.7254797088,1565680.61097795,260348.0184827188,,0.9965739674773285,0.9847,156552.76562654958,687134.0485625392,3.0,12874.637348231086,691113.6260698906
CLEANING,"(R,S)",0.0,,,798371.8172246226,1.0,1.0,1361.6535989546512,446039.91430427914,3.0,0.0,83818.18274590396
