family,Mean Weekly Demand,Weekly Standard Deviation,Weekly CV,Weekly Demand Frequency,Weekly Zero-Demand Frequency,Chosen Policy
BEVERAGES,946124.0742358079,381694.8961931077,0.40343006439341034,1.0,0.0,SQ
CLEANING,415562.44541484717,73498.65408883968,0.17686548652265133,1.0,0.0,RS
GROCERY I,1476837.6025764192,333585.52078584017,0.22587826867617877,1.0,0.0,SQ
